你相信爱情吗？,Nǐ xiāngxìn àiqíng ma?,Do you believe in love?,HSK 4,1
我们要保护森林,wǒmen yào bǎohù sēnlín,We need to protect the forest,HSK 4,1
这个就表示他爱你,zhège jiù biǎoshì tā ài nǐ,What this means is he loves you,HSK 4,1
她抱着小儿子; 站在家门口等丈夫回家,tā bàozhe xiǎo érzi; zhàn zàijiā ménkǒu děng zhàngfū huí jiā,With the baby in her arm she waits at the doorstep for her husband to come home,HSK 4,1
每次见到她; 她都热情地和我打招呼,Měi cì jiàn dào tā; tā dōu rèqíng de hé wǒ dǎzhāohū,Every time I see her she greets me enthusiastically,HSK 4,1
当我离开中国的时候; 才发现我已经深深爱上了她,dāng wǒ líkāi zhōngguó de shíhòu; cái fāxiàn wǒ yǐjīng shēn shēn ài shàngle tā,When I was about to leave China I realized; that I had already fallen in love with her,HSK 4,1
你到底爱我还是爱她,nǐ dàodǐ ài wǒ háishì ài tā,So do you love me or her?,HSK 4,1
快看; 你对面的那个女孩儿长得真漂亮,kuài kàn; nǐ duìmiàn dì nàgè nǚhái ér zhǎng dé zhēn piàoliang,Look; the girl opposite to you is really pretty,HSK 4,1
女朋友已经生气了; 而他却没有感觉到,nǚ péngyǒu yǐjīng shēngqìle; ér tā què méiyǒu gǎnjué dào,His girlfriend is angry already; but he still doesn't seem to get it,HSK 4,1
他的女朋友最喜欢购物,Tā de nǚ péngyǒu zuì xǐhuān gòuwù,His girlfriend loves shopping,HSK 4,1
我想给我女朋友寄一张中国的明信片,wǒ xiǎng gěi wǒ nǚ péngyǒu jì yī zhāng zhōngguó de míngxìnpiàn,I want to send my girlfriend a post card from China,HSK 4,2
既然你不喜欢她; 就和她分手吧,jìrán nǐ bù xǐhuān tā; jiù hé tā fēnshǒu ba,Given that you don't like her; it might be best for you to break up,HSK 4,2
有什么想法可以去找她交流,yǒu shé me xiǎngfǎ kěyǐ qù zhǎo tā jiāoliú,What would be an excuse to get in a conversation with her?,HSK 4,2
美丽和聪明; 哪一个对于女人来说更重要？,měilì hé cōngmíng; nǎ yīgè duìyú nǚrén lái shuō gèng zhòngyào?,Beauty or intelligence; what's more important for a woman?,HSK 4,2
她如此喜欢他; 他却不知道,tā rúcǐ xǐhuān tā; tā què bù zhīdào,Don't you know how much she likes him?,HSK 4,2
女朋友昨天和他分手了; 他很伤心,nǚ péngyǒu zuótiān hé tā fēnshǒule; tā hěn shāngxīn,His girlfriend broke up with him yesterday; he is very sad,HSK 4,2
男朋友来参加她的毕业典礼; 她十分高兴,nán péngyǒu lái cānjiā tā de bìyè diǎnlǐ; tā shí fèn gāoxìng,Her boyfriend is coming to her graduation ceremony; she's very excited,HSK 4,2
他看到她的第一眼; 就被她的美丽深深吸引了,Tā kàn dào tā de dì yī yǎn; jiù bèi tā dì měilì shēn shēn xīyǐnle,After seeing her for the first time her beauty immediately made him fall for her,HSK 4,2
原来他已经结婚了; 我还以为他是单身呢,yuánlái tā yǐjīng jiéhūnle; wǒ hái yǐwéi tā shì dānshēn ne,I didn't know he's already married; I thought he was still single,HSK 4,2
他这么做; 证明他还爱你,tā zhème zuò; zhèngmíng tā hái ài nǐ,By doing things like this he proves that he still loves you,HSK 4,2
我很饿; 他给了我一块饼干。,wǒ hěn è; tā gěile wǒ yīkuài bǐnggān.,I was very hungry but he gave me a cookie (which made things better),HSK 4,3
那家餐厅的服务态度不太好,Nà jiā cāntīng de fúwù tàidù bù tài hǎo,The service at that restaurant isn't great,HSK 4,3
一般来说; 春节的晚饭很丰富,yībān lái shuō; chūnjié de wǎnfàn hěn fēngfù,The Spring Festival dinner usually consists of a lot of dishes,HSK 4,3
他们各要了一瓶啤酒和一瓶可乐,Tāmen gè yàole yī píng píjiǔ hé yī píng kělè,Each of them ordered a glass of beer and a glass of coke,HSK 4,3
小孩子不能光喜欢吃肉; 还应该多吃水果,Xiǎo háizi bùnéng guāng xǐhuān chī ròu; hái yīnggāi duō chī shuǐguǒ,Kids shouldn't just eat meat; it would be good if they eat quite a bit of fruits as well,HSK 4,3
牛肉的价格比猪肉价格高,niúròu de jiàgé bǐ zhūròu jiàgé gāo,Beef is more expensive than pork,HSK 4,3
我从来没吃过烤鸭,Wǒ cónglái méi chīguò kǎoyā,I have never had Beijing duck in my life,HSK 4,3
你等我一下; 我去买瓶矿泉水,nǐ děng wǒ yīxià; wǒ qù mǎi píng kuàngquán shuǐ,Wait a bit; I go and buy a bottle of mineral spring water,HSK 4,4
我买了一些葡萄,Wǒ mǎile yīxiē pútáo,I bought some grapes,HSK 4,4
西瓜酸了; 不能吃了。,Xīguā suānle; bùnéng chīle.,Don't eat sour water melons,HSK 4,4
他喜欢吃所有的中国菜,tā xǐhuān chī suǒyǒu de zhōngguó cài,He loves eating any kind of Chinese food,HSK 4,4
你喜欢喝什么汤？,nǐ xǐhuān hē shénme tāng?,What kind of soup do you like?,HSK 4,4
西红柿是水果吗？,xīhóngshì shì shuǐguǒ ma?,Are tomatoes fruits?,HSK 4,4
你吃过哪些北京小吃？,Nǐ chīguò nǎxiē běijīng xiǎochī?,What Beijing delicacies have you tried before?,HSK 4,4
不要只喜欢听表扬的话,bùyào zhǐ xǐhuān tīng biǎoyáng dehuà,Don't only listen to praise,HSK 4,5
一个公司应该有自己的员工评价标准,yīgè gōngsī yīnggāi yǒu zìjǐ de yuángōng píngjià biāozhǔn,A company should have its own way of assessing its employees,HSK 4,5
这份策划做得真棒,zhè fèn cèhuà zuò dé zhēn bàng,This plan is really amazing,HSK 4,5
我保证下次再也不迟到了,wǒ bǎozhèng xià cì zài yě bù chídàole,I guarantee you that I won't be late anymore,HSK 4,5
百分之百,bǎifēnzhībǎi,100%,HSK 4,5
丢了工作; 他不得不到处跟朋友借钱交房租,Diūle gōngzuò; tā bùdé bù dàochù gēn péngyǒu jiè qián jiāo fángzū,After losing his job he has no choice but ask one friend after the other for money to pay the rent,HSK 4,5
他的收入已经超过了大部分人,tā de shōurù yǐjīng chāoguòle dà bùfèn rén,His salary is already higher than that of most people,HSK 4,5
她在工作; 你别打扰她,tā zài gōngzuò; nǐ bié dǎrǎo tā,She is working; don't disturb her,HSK 4,5
这个不用打印; 昨天我已经打印完了,zhège bùyòng dǎyìn; zuótiān wǒ yǐjīng dǎyìn wánliǎo,This one doesn't need to get printed; I've done that yesterday already,HSK 4,5
老板到处找你; 你快去一趟他的办公室,lǎobǎn dàochù zhǎo nǐ; nǐ kuài qù yī tàng tā de bàngōngshì,The boss is looking for you everywhere; quickly go to his office to see him,HSK 4,5
公司最近想做一个关于消费者心理的调查,gōngsī zuìjìn xiǎng zuò yīgè guānyú xiāofèi zhě xīnlǐ de diàochá,Recently the company wants to do some research into the psyche of their customers,HSK 4,6
你们公司的发展目标是什么？,Nǐmen gōngsī de fǎ zhǎn mùbiāo shì shénme?,What's the growth target for your company,HSK 4,6
要做好这份工作; 每个人都有他的一份责任,Yào zuò hǎo zhè fèn gōngzuò; měi gèrén dōu yǒu tā de yī fèn zérèn,In order to doing this job well; everyone has their own field of responsibility,HSK 4,6
商家应该更加关注顾客的需求,shāngjiā yīnggāi gèngjiā guānzhù gùkè de xūqiú,Businesses should focus more on the needs of customers,HSK 4,6
她把公司管理得非常好,tā bǎ gōngsī guǎnlǐ dé fēicháng hǎo,She manages the company very well,HSK 4,6
你们公司有什么规定？,nǐmen gōngsī yǒu shé me guīdìng?,What's the common rule in your company for that?,HSK 4,6
她是一名合格的员工,tā shì yī míng hégé de yuángōng,She is a very competent employee,HSK 4,6
他是一个特别骄傲的人; 公司里的同事都不喜欢他,tā shì yīgè tèbié jiāo'ào de rén; gōngsī lǐ de tóngshì dōu bù xǐhuān tā,He's a very cocky person; nobody at the company likes him,HSK 4,6
办公室里禁止吸烟,bàngōngshì lǐ jìnzhǐ xīyān,It's forbidden to smoke in the office,HSK 4,6
你有过工作经验吗？,nǐ yǒuguò gōngzuò jīngyàn ma?,Do you have any working experience?,HSK 4,7
下个星期我公司举行会议; 所以我现在很忙,xià gè xīngqí wǒ gōngsī jǔ háng huìyì; suǒyǐ wǒ xiànzài hěn máng,Next week my company is holding a conference; so I'm really busy right now,HSK 4,7
请帮我把这份材料打印30份; 另外再买30支笔,qǐng bāng wǒ bǎ zhè fèn cáiliào dǎyìn 30 fèn; lìngwài zài mǎi 30 zhī bǐ,Please print this material 30 times and also buy 30 pens,HSK 4,7
他们公司有20个人; 其中3个是中国人,tāmen gōngsī yǒu 20 gèrén; qízhōng 3 gè shì zhōngguó rén,His company has 20 employees; 3 of whom are Chinese,HSK 4,7
这对于他来说; 确实是一个难得的机会,zhè duìyú tā lái shuō; quèshí shì yīgè nándé de jīhuì,This is definitely a very rare opportunity for him,HSK 4,7
她成功地完成了老板交给她的任务,tā chénggōng de wánchéngle lǎobǎn jiāo gěi tā de rènwù,She successfully finished the task the boss gave her,HSK 4,7
咱们得开个会讨论一下这个问题,Zánmen dé kāi gè huì tǎolùn yīxià zhège wèntí,We should have a meeting to discuss that question,HSK 4,7
这次考试最难的题是填空题,zhè cì kǎoshì zuì nán de tí shì tiánkòng tí,The most difficult questions in this test are filling in the blanks,HSK 4,7
她想找人为自己的公司做一个网站,tā xiǎng zhǎo rénwéi zìjǐ de gōngsī zuò yīgè wǎngzhàn,She's looking for somebody to make a website for her company,HSK 4,7
信封里面什么也没有,Xìnfēng lǐmiàn shénme yě méiyǒu,The envelope is empty,HSK 4,7
这是一个信息时代,zhè shì yīgè xìnxī shídài,This is an information era,HSK 4,8
他是一个十分严格的老板,tā shì yīgè shífēn yángé de lǎobǎn,He is a really strict boss,HSK 4,8
他想去酒吧应聘服务员,tā xiǎng qù jiǔbā yìngpìn fúwùyuán,She wants to get a job at a bar,HSK 4,8
由于工作失误; 他被老板开除了,yóuyú gōngzuò shīwù; tā bèi lǎobǎn kāi chúle,Because he failed at his job; the boss fired him,HSK 4,8
我们公司明年准备跟一家中国公司合作; 于是老板为大家请了一位汉语老师,Wǒmen gōngsī míngnián zhǔnbèi gēn yījiā zhōngguó gōngsī hézuò; yúshì lǎobǎn wéi dàjiā qǐngle yī wèi hànyǔ lǎoshī,Our company will start working together with a Chinese company next year; therefore our boss hired a Mandarin teacher for us,HSK 4,8
她的手机占线; 我一会儿再打给她,tā de shǒujī zhànxiàn; wǒ yīhuǐ'er zài dǎ gěi tā,The line is busy; I'll call her again later,HSK 4,8
每年七月我们的公司都会招聘新员工,měinián qī yuè wǒmen de gōngsī dūhuì zhāopìn xīn yuángōng,Every July our company will recruit new employees,HSK 4,8
明天公司要开大会; 请大家穿得正式一点,míngtiān gōngsī yào kāi dàhuì; qǐng dàjiā chuān dé zhèngshì yīdiǎn,Tomorrow there is an important company meeting; we kindly ask everybody to dress a little bit more formal,HSK 4,8
他这次是专门来找老板谈生意的,tā zhè cì shì zhuānmén lái zhǎo lǎobǎn tán shēngyì de,This time he came just to talk about business with the boss,HSK 4,8
我得把今天开会的内容总结一下,wǒ dé bǎ jīntiān kāihuì de nèiróng zǒngjié yīxià,Let me sum up the content of today's meeting,HSK 4,8
60岁以上的老人可以免费乘坐公交车,60 suì yǐshàng de lǎorén kěyǐ miǎnfèi chéngzuò gōngjiāo chē,People older than 60 can use the buses for free,HSK 4,9
明天咱们几点出发？,míngtiān zánmen jǐ diǎn chūfā?,When do we leave tomorrow?,HSK 4,9
她嘱咐孩子把登机牌和护照放好,Tā zhǔfù háizi bǎ dēng jī pái hé hùzhào fàng hǎo,She tells the kid to properly store/take care of the boarding pass and the passport,HSK 4,9
她准备月底去旅游,tā zhǔnbèi yuèdǐ qù lǚyóu,She's going travelling at the end of the month,HSK 4,9
孩子们最喜欢放暑假,háizimen zuì xǐhuān fàng shǔjià,Kids' biggest joy is starting into the summer holidays,HSK 4,9
我们该往哪个方向走？,wǒmen gāi wǎng nǎge fāngxiàng zǒu?,Which way should we go?,HSK 4,9
请问; 高速公路的入口在哪儿？,qǐngwèn; gāosù gōnglù de rùkǒu zài nǎ'er?,Excuse me; where can I get onto the highway?,HSK 4,9
北京到上海大约1500公里。,běijīng dào shànghǎi dàyuē 1500 gōnglǐ.,Beijing to Shanghai is approximately 1500km,HSK 4,9
你知道她坐哪个航班回北京吗？,nǐ zhīdào tā zuò nǎge hángbān huí běijīng ma?,Do you know which flight she takes back to Beijing?,HSK 4,9
飞机将于三十分钟之后降落,fēijī jiāng yú sānshí fēnzhōng zhīhòu jiàngluò,The plane will be landing in 30 minutes,HSK 4,9
北京的交通很方便,běijīng de jiāotōng hěn fāngbiàn,Getting around in Beijing is very convenient,HSK 4,10
中国有很多重要的节日; 例如春节、清明节,zhōngguó yǒu hěnduō chóng yào de jiérì; lìrú chūnjié; qīngmíng jié,China has many important holidays; e.g. Spring Festival or the Qingming Festival,HSK 4,10
我下个星期去北京旅行,wǒ xià gè xīngqí qù běijīng lǚxíng,Next week I'll travel to Beijing,HSK 4,10
吃完饭去散散步是一个很好的习惯,chī wán fàn qù sàn sànbù shì yīgè hěn hǎo de xíguàn,Going for a walk after meals is a very good habit,HSK 4,10
司机师傅; 我去首都国际机场,sījī shīfù; wǒ qù shǒudū guójì jīchǎng,Driver; I'm going to the international airport,HSK 4,10
请大家按顺序进场,qǐng dàjiā àn shùnxù jìn chǎng,Please enter the venue following the signs,HSK 4,10
咱们坐地铁去吧,Zánmen zuò dìtiě qù ba,Let's go by subway,HSK 4,10
我的行李超重了,wǒ de xínglǐ chāozhòngle,My luggage is heavier than allowed,HSK 4,10
你在前面转车,Nǐ zài qiánmiàn zhuǎnchē,Turn the car around over there,HSK 4,10
不好意思; 我可以跟你换一下座位吗？,bù hǎoyìsi; wǒ kěyǐ gēn nǐ huàn yīxià zuòwèi ma?,Excuse me; can I change seats with you?,HSK 4,10
我最害怕打针,wǒ zuì hàipà dǎzhēn,Getting an injection is the thing I fear the most,HSK 4,11
我的身体不太舒服; 明天想去看大夫,wǒ de shēntǐ bù tài shūfú; míngtiān xiǎng qù kàn dàfū,I'm not feeling great; I'll go to see the doctor tomorrow,HSK 4,11
明天你能陪我去医院吗,míngtiān nǐ néng péi wǒ qù yīyuàn ma,Can you come to the hospital with me tomorrow?,HSK 4,11
我感觉不太舒服; 有点头疼,wǒ gǎnjué bù tài shūfú; yǒudiǎn tóuténg,I don't feel very well; my head hurts a little,HSK 4,11
经常锻炼; 对身体有好处,Jīngcháng duànliàn; duì shēntǐ yǒu hǎochù,Exercising regularly is good for the body,HSK 4,11
她感冒了; 全身都难受。,Tā gǎnmàole; quánshēn dōu nánshòu.,She got a cold; the whole body is aching.,HSK 4,11
我太胖了; 需要减肥了。,Wǒ tài pàngle; xūyào jiǎnféile.,I'm too fat; I have to lose weight,HSK 4,11
我能先尝一下再买吗？,wǒ néng xiān cháng yīxià zài mǎi ma?,Can I try first before I buy?,HSK 4,12
能帮我倒杯水吗？,Néng bāng wǒ dào bēi shuǐ ma?,Can you fill my cup with water please?,HSK 4,12
这是你的错; 你应该向他道歉,zhè shì nǐ de cuò; nǐ yīnggāi xiàng tā dàoqiàn,This is your fault; you should apologize to him,HSK 4,12
我本来不知道这件事; 看了新闻才知道,wǒ běnlái bu zhīdào zhè jiàn shì; kànle xīnwén cái zhīdào,I didn't know about that before; just after I watched the news I became aware of it,HSK 4,12
这本小说很好看; 我看了三遍,Zhè běn xiǎoshuō hěn hǎokàn; wǒ kànle sān biàn,This novel is fantastic; I read it three times,HSK 4,12
如果我猜对了; 有什么奖励？,rúguǒ wǒ cāi duìle; yǒu shé me jiǎnglì?,What do I get if I guess correctly?,HSK 4,12
长大以后; 她成为了一名演员,zhǎng dà yǐhòu; tā chéngwéile yī míng yǎnyuán,After growing up; she became an actress,HSK 4,12
你不要做这个动作; 不太礼貌,nǐ bùyào zuò zhège dòngzuò; bù tài lǐmào,Don't make a gesture like that; that's not very polite,HSK 4,12
有人反对这个观点吗？,Yǒurén fǎnduì zhège guāndiǎn ma?,Are there actually people against that?,HSK 4,12
请把这份文件复印三份,qǐng bǎ zhè fèn wénjiàn fùyìn sān fèn,Please make three copies of this document,HSK 4,13
如果你不喜欢现在的生活; 就去改变它,rúguǒ nǐ bù xǐhuān xiànzài de shēnghuó; jiù qù gǎibiàn tā,If you don't like your current lifestyle; go and change it,HSK 4,13
我昨天看了大熊猫的演出; 很精彩,wǒ zuótiān kànle dà xióngmāo de yǎnchū; hěn jīngcǎi,I watched a panda show yesterday; it was great,HSK 4,13
我不是故意骗你的,wǒ bùshì gùyì piàn nǐ de,I didn't intentionally lie to you,HSK 4,13
把衣服挂起来; 别乱放,bǎ yīfú guà qǐlái; bié luàn fàng,Properly hang the clothes; don't randomly drop them,HSK 4,13
他每天都要听广播,tā měitiān dū yào tīng guǎngbò,He listens to the broadcast every day,HSK 4,13
失败是成功之母,shībài shì chénggōng zhī mǔ,Failure is the mother of success,HSK 4,13
所有的工作都在进行中,suǒyǒu de gōngzuò dōu zài jìnxíng zhōng,Everything's in the making,HSK 4,13
如果我拒绝了他; 他会生气吗？,rúguǒ wǒ jùjuéle tā; tā huì shēngqì ma?,If I decline; would she be angry?,HSK 4,13
他花了很大力气; 才完成工作,Tā huāle hěn dà lìqì; cái wánchéng gōngzuò,He worked very hard to get the job done,HSK 4,14
她喜欢听流行音乐,tā xǐhuān tīng liúxíng yīnyuè,She likes to listen to pop music,HSK 4,14
别人批评你的时候; 你会怎么办？,biérén pīpíng nǐ de shíhòu; nǐ huì zěnme bàn?,What are you doing when other people criticise you?,HSK 4,14
他不小心把窗户打破了。,tā bù xiǎoxīn bǎ chuānghù dǎpòle.,He accidently broke the window,HSK 4,14
她没有敲门就直接走进来了,Tā méiyǒu qiāo mén jiù zhíjiē zǒu jìnláile,She entered without knocking,HSK 4,14
顺便帮我把垃圾扔了吧,shùnbiàn bāng wǒ bǎ lèsè rēngle ba,Please help me to take out the garbage on the way,HSK 4,14
箱子太重了; 你能帮我抬一下吗？,xiāngzi tài zhòngle; nǐ néng bāng wǒ tái yīxià ma?,The luggage is too heavy; can you help me?,HSK 4,14
你会弹钢琴吗？,nǐ huì dàn gāngqín ma?,Can you play the piano?,HSK 4,14
你帮我推一下车,nǐ bāng wǒ tuī yīxià chē,Help me to push the car,HSK 4,14
我今天早上5点就醒了,wǒ jīntiān zǎoshang 5 diǎn jiù xǐngle,I woke up at 5 today,HSK 4,15
她的性格很活泼,tā dì xìnggé hěn huópō,She's very lively,HSK 4,15
他在汽车修理公司工作,tā zài qìchē xiūlǐ gōngsī gōngzuò,He's working at a car repair company,HSK 4,15
每天早睡早起; 养成好习惯,měitiān zǎo shuì zǎoqǐ; yǎng chéng hǎo xíguàn,Going to bed early and getting up early every day; that's a good thing to get used to,HSK 4,15
你还在吗？我以为你昨天去了北京,nǐ hái zài ma? Wǒ yǐwéi nǐ zuótiān qùle běijīng,You are still here? I thought you went to Beijing yesterday,HSK 4,15
我想去打羽毛球; 你们谁也想去？,wǒ xiǎng qù dǎ yǔmáoqiú; nǐmen shéi yě xiǎng qù?,I want to go play badminton; who wants to go as well?,HSK 4,15
来; 大家过来照一下,lái; dàjiā guòlái zhào yīxià,Everybody come over for a photo,HSK 4,15
这件事我想再仔细考虑一下,zhè jiàn shì wǒ xiǎng zài zǐxì kǎolǜ yīxià,I want to think about that properly again,HSK 4,15
她的房东是一个很友善的老太太,tā de fángdōng shì yīgè hěn yǒushàn de lǎo tàitài,Her landlord is a very nice old lady,HSK 4,16
桌子太脏了; 你快擦擦吧,zhuōzi tài zàngle; nǐ kuài cā cā ba,The table is too dirty; go and wipe it,HSK 4,16
这个窗户怎么那么脏呢？,zhège chuānghù zěnme nàme zàng ne?,Why is this window so dirty?,HSK 4,16
她搬了新家; 想买一些新家具,tā bānle xīnjiā; xiǎng mǎi yīxiē xīn jiājù,She moved to a new home and wants to buy some new furniture,HSK 4,16
我的钥匙忘在家里了,wǒ de yàoshi wàng zài jiālǐle,I forgot my keys at home,HSK 4,16
我家门口有一棵苹果树,wǒjiā ménkǒu yǒu yī kē píngguǒ shù,There is an apple tree at the entry to my house,HSK 4,16
垃圾桶满了; 你去扔垃圾吧,lèsè tǒng mǎnle; nǐ qù rēng lèsè ba,The rubbish bin is full; please go and empty it,HSK 4,16
把这个和电脑连起来; 就好了,bǎ zhège hé diànnǎo lián qǐlái; jiù hǎole,Connect this with the computer together; then it should be fine,HSK 4,16
我家旁边就是一片森林,wǒjiā pángbiān jiùshì yīpiàn sēnlín,There is a forest next to my house,HSK 4,17
我的爸爸妈妈买了一张新的沙发; 太舒服了！,wǒ de bàba māmā mǎile yī zhāng xīn de shāfā; tài shūfúle!,My parents bought a new sofa; it's so comfortable!,HSK 4,17
她不喜欢大城市的生活,tā bù xǐhuān dà chéngshì de shēnghuó,She doesn't like living in a big town,HSK 4,17
我躺在床上; 却怎么也睡不着,wǒ tǎng zài chuángshàng; què zěnme yě shuì bùzháo,I'm lying in bed but can't sleep,HSK 4,17
谁的手机在响？,shéi de shǒujī zài xiǎng?,Whose phone is ringing?,HSK 4,17
我的牙膏用完了; 想去超市买,wǒ de yágāo yòng wánliǎo; xiǎng qù chāoshì mǎi,I've used up my toothpaste; I need to go to the shop to by a new one,HSK 4,17
他不喜欢整理房间,tā bù xǐhuān zhěnglǐ fángjiān,He does not like tidying up his room,HSK 4,17
按时睡觉对健康有好处,ànshí shuìjiào duì jiànkāng yǒu hǎochù,Going to bed on time is beneficial for one's health,HSK 4,17
他从小就生活在富人区,tā cóngxiǎo jiù shēnghuó zài fù rén qū,He has lived in a rich area since he was little,HSK 4,18
客户还没有付款; 我们不能发货,kèhù hái méiyǒu fùkuǎn; wǒmen bùnéng fā huò,The customer hasn't paid yet; don't make the deliver as of yet,HSK 4,18
明天我想去银行存点钱,míngtiān wǒ xiǎng qù yínháng cún diǎn qián,I want to go to the bank tomorrow to deposit some money,HSK 4,18
降低成本能提高利润,jiàngdī chéngběn néng tígāo lìrùn,Lowering the price can increase profit,HSK 4,18
明天我肯定把钱还给你,míngtiān wǒ kěndìng bǎ qián hái gěi nǐ,I will definitely return the money tomorrow,HSK 4,18
这是找您的零钱,zhè shì zhǎo nín de língqián,This is your change,HSK 4,18
穷并不可怕; 可怕的是不去想办法改变它,qióng bìng bù kěpà; kěpà de shì bù qù xiǎng bànfǎ gǎibiàn tā,Being poor isn't that bad; bad is to not think about a way to get out of that situation,HSK 4,18
我下午想去银行取一点儿钱,wǒ xiàwǔ xiǎng qù yínháng qǔ yīdiǎn er qián,I want to go to the bank this afternoon to get some cash,HSK 4,19
把车停在这儿可以省些钱,bǎ chē tíng zài zhè'er kěyǐ shěng xiē qián,You can save some money by parking the car here,HSK 4,19
买东西不能只关注数量; 还应该关注质量,mǎi dōngxī bùnéng zhǐ guānzhù shùliàng; hái yīnggāi guānzhù zhìliàng,When buying things the number isn't the only thing that counts; quality counts as well,HSK 4,19
你的幸运数字是多少？,nǐ de xìngyùn shùzì shì duōshǎo?,What's your lucky number?,HSK 4,19
钱不能解决一切问题,qián bùnéng jiějué yīqiè wèntí,Money can't solve everything,HSK 4,19
忘带钱包了; 我只好跟朋友借钱了,wàng dài qiánbāole; wǒ zhǐhǎo gēn péngyǒu jiè qiánle,I forgot to bring my purse; so I have to borrow some money from my friends,HSK 4,19
他是世界著名的功夫明星。,tā shì shìjiè zhùmíng de gōngfū míngxīng.,He is a word famous Kong Fu master,HSK 4,19
这个东西那么贵; 它有什么作用？,Zhège dōngxī nàme guì; tā yǒu shé me zuòyòng?,This thing is so expensive; what is it good for?,HSK 4,19
我的胳膊受过伤; 拿不了重东西,wǒ de gēbó shòuguò shāng; ná bùliǎo zhòng dōngxī,My arm was injured before; so I can't lift heavy things,HSK 4,20
他很紧张; 手心里都出了汗,tā hěn jǐnzhāng; shǒuxīn lǐ dōu chūle hàn,He is very nervous; his palms are sweating,HSK 4,20
这件衣服你穿起来很合适,zhè jiàn yīfú nǐ chuān qǐlái hěn héshì,This piece looks great on you,HSK 4,20
他每天坚持跑步半小时。,tā měitiān jiānchí pǎobù bàn xiǎoshí.,I go jogging every day for half an hour,HSK 4,20
今天我的牙疼得很厉害。,Jīntiān wǒ de yá téng dé hěn lìhài.,My tooth is aching a lot today,HSK 4,20
你的年龄也不小了; 快点结婚吧,nǐ de niánlíng yě bù xiǎole; kuài diǎn jiéhūn ba,You're also not that young anymore; would be time to marry somebody!,HSK 4,20
她的皮肤真好,tā de pífū zhēn hǎo,Her skin looks amazing,HSK 4,20
这件衣服你穿着很合适,zhè jiàn yīfú nǐ chuānzhuó hěn héshì,This piece fits you very well,HSK 4,20
他喜欢穿白色的袜子,tā xǐhuān chuān báisè de wàzi,He likes wearing white socks,HSK 4,20
她喜欢看他认真工作的样子,tā xǐhuān kàn tā rènzhēn gōngzuò de yàngzi,She likes to see him being focused on his work,HSK 4,20
她指了指前边的那个男孩; 告诉我那是她男朋友,tā zhǐle zhǐ qiánbian dì nàgè nánhái; gàosù wǒ nà shì tā nán péngyǒu,She pointed at the guy over there and told me; he is her boyfriend,HSK 4,20
大部分人们支持性别平等,dà bùfèn rénmen zhīchí xìngbié píngděng,Most people support sexual equality,HSK 4,20
学好语言的关键是开口说,xué hǎo yǔyán de guānjiàn shì kāikǒu shuō,Starting to actually use a new language is the most important step to mastering it,HSK 4,21
我怀疑他是不是真的懂汉语,wǒ huáiyí tā shì bùshì zhēn de dǒng hànyǔ,I doubt if he really understands Chinese,HSK 4,21
我知道这个词语的意思,Wǒ zhīdào zhège cíyǔ de yìsi,I know what this expression means,HSK 4,21
她在汉语课上总是很积极,tā zài hànyǔ kè shàng zǒng shì hěn jījí,She's always very active during Chinese class,HSK 4,21
学习需要一点一点积累,xuéxí xūyào yī diǎn yī diǎn jīlěi,Learning is a step by step process,HSK 4,21
我想留在中国继续学习汉语,wǒ xiǎng liú zài zhōngguó jìxù xuéxí hànyǔ,I want to stay in China to continue studying Mandarin,HSK 4,21
你现在的汉语; 离HSK6还有一段距离,Nǐ xiànzài de hànyǔ; lí HSK6 hái yǒuyīduàn jùlí,Your level of Chinese is still quite far away from HSK 6,HSK 4,21
听说他的汉语考试得了满分。太厉害了！,Tīng shuō tā de hànyǔ kǎoshì déliǎo mǎnfēn. Tài lìhàile!,I heard he got full points on his Mandarin test; very impressive!,HSK 4,22
我来中国的目的是好好学习汉语,wǒ lái zhōngguó de mùdì shì hǎo hào xuéxí hànyǔ,The purpose of me coming to China is to study Chinese properly,HSK 4,22
你会说普通话吗？,nǐ huì shuō pǔtōnghuà ma?,Can you speak Mandarin?,HSK 4,22
随着中国经济的发展; 越来越多的人开始学习汉语,suízhe zhōngguó jīngjì de fǎ zhǎn; yuè lái yuè duō de rén kāishǐ xuéxí hànyǔ,Because of the rise of China more and more people learn Mandarin,HSK 4,22
努力学习是学好一门语言的重要条件,nǔlì xuéxí shì xuéhǎo yī mén yǔyán de zhòngyào tiáojiàn,Studying hard is an important precondition for learning a language well,HSK 4,22
非常感谢你阅读我的文章。,fēicháng gǎnxiè nǐ yuèdú wǒ de wénzhāng.,Thanks a lot for reading my article,HSK 4,22
今年来我们学校学习汉语的人比去年增加了100名,jīnnián lái wǒmen xuéxiào xuéxí hànyǔ de rén bǐ qùnián zēngjiāle 100 míng,This year the number of students learning Mandarin at our school is 100 higher than last year,HSK 4,22
你的发音都很准确,Nǐ de fǎ yīn dōu hěn zhǔnquè,Your pronunciation is on point,HSK 4,22
她是一名海洋学家,tā shì yī míng hǎiyáng xué jiā,She is an oceanographer,HSK 4,23
我在中国最大的互联网公司工作,wǒ zài zhōngguó zuìdà de hùliánwǎng gōngsī gōngzuò,I work at China's biggest IT company,HSK 4,23
我的妈妈是一位护士,wǒ de māmā shì yī wèi hùshì,My mum is a nurse,HSK 4,23
他获得了博士学位,tā huòdéle bóshì xuéwèi,He now has a PhD,HSK 4,23
她的男朋友是个记者,tā de nán péngyǒu shìgè jìzhě,Her boyfriend is a reporter,HSK 4,23
我将来想成为一名演员,wǒ jiānglái xiǎng chéngwéi yī míng yǎnyuán,I want to become an actor in the future,HSK 4,23
尽管她不喜欢这份工作; 但是为了生活; 她还是坚持做了下去,jǐnguǎn tā bù xǐhuān zhè fèn gōngzuò; dànshì wèile shēnghuó; tā háishì jiānchí zuòle xiàqù,Even though she doesn't like her job; she still keeps at it to be able to make a living,HSK 4,23
中国经济发展得很快,zhōngguó jīngjì fāzhǎn dé hěn kuài,The Chinese economy is growing fast,HSK 4,23
他换了很多工作; 因为他也不知道自己究竟想做什么,tā huànle hěnduō gōngzuò; yīnwèi tā yě bù zhīdào zìjǐ jiùjìng xiǎng zuò shénme,He changed jobs frequently because he doesn't know what he actually wants to do,HSK 4,23
我的头发太长了; 这周末我一定要去理发。,wǒ de tóufǎ tài zhǎngle; zhè zhōumò wǒ yīdìng yào qù lǐfǎ.,My hair is too long; this weekend I definitely have to go and get it cut,HSK 4,23
公司现在缺少一名律师,gōngsī xiànzài quēshǎo yī míng lǜshī,The company is currently lacking a lawyer,HSK 4,23
售货员的工作很辛苦,shòuhuòyuán de gōngzuò hěn xīnkǔ,Being a shop assistant is hard work,HSK 4,24
售货员的收入并不高,shòuhuòyuán de shōurù bìng bù gāo,Shop assistants don't earn much,HSK 4,24
她通过了面试; 得到了那份工作。,tā tōngguòle miànshì; dédàole nà fèn gōngzuò.,She passed the interview stage and got the job.,HSK 4,24
他不仅是一位科学家; 同时也是一位艺术家,tā bùjǐn shì yī wèi kēxuéjiā; tóngshí yěshì yī wèi yìshùjiā,He's not just a scientist but also an artist,HSK 4,24
她是一位有名的中国演员,tā shì yī wèi yǒumíng de zhōngguó yǎnyuán,She is a famous Chinese actress,HSK 4,24
艺术来自生活,yìshù láizì shēnghuó,Art is based on life,HSK 4,24
他是一位非常优秀的演员,tā shì yī wèi fēicháng yōuxiù de yǎnyuán,He's an outstanding actor,HSK 4,24
你最喜欢的职业是什么,nǐ zuì xǐhuān de zhíyè shì shénme,What's your favourite job?,HSK 4,24
他去年开了家饭店; 赚了很多钱。,tā qùnián kāile jiā fàndiàn; zhuànle hěnduō qián.,He opened a restaurant last year and earned a lot of money,HSK 4,24
今年的失业人数是去年的两倍,jīnnián de shīyè rénshù shì qùnián de liǎng bèi,The number of unemployed people this year is double the number of last year,HSK 4,24
她以后想当明星,tā yǐhòu xiǎng dāng míngxīng,She wants to become a celebrity,HSK 4,24
她邀请爸爸妈妈来参加她的毕业典礼,tā yāoqǐng bàba māmā lái cānjiā tā de bìyè diǎnlǐ,She invites her parents to attend her graduation ceremony,HSK 4,25
请填写这张表格,qǐng tiánxiě zhè zhāng biǎogé,Please fill out this form,HSK 4,25
她成功申请到了去北京大学学习的机会; 并且拿到了奖学金,Tā chénggōng shēnqǐng dàole qù běijīng dàxué xuéxí de jīhuì; bìngqiě ná dàole jiǎngxuéjīn,She successfully applied for a chance to go study at Beijing University and even got a scholarship,HSK 4,25
今年暑假; 她拿到了博士学位。,jīnnián shǔjià; tā ná dàole bóshì xuéwèi.,She finished her PhD this summer,HSK 4,25
请把你的作业传真给我吧,qǐng bǎ nǐ de zuòyè chuánzhēn gěi wǒ ba,Please fax me your homework,HSK 4,25
你明天把这些材料送给张老师,Nǐ míngtiān bǎ zhèxiē cáiliào sòng gěi zhāng lǎoshī,Give those documents to Mr/Mrs Zhang tomorrow,HSK 4,25
你这么做; 不符合学校规定,nǐ zhème zuò; bù fúhé xuéxiào guīdìng,Doing this like this would not be in line with the school regulations,HSK 4,25
我要努力才能赶上其他同学,wǒ yào nǔlì cáinéng gǎn shàng qítā tóngxué,I need to work hard to be able to catch up with my classmates,HSK 4,25
她从来没有后悔放弃了出国留学的机会,Tā cónglái méiyǒu hòuhuǐ fàngqìle chūguó liúxué de jīhuì,She never regretted not going abroad for studying,HSK 4,25
这道题的答案我也不知道,zhè dào tí de dá'àn wǒ yě bù zhīdào,I don't know the answer to this question either,HSK 4,25
我的笔掉到桌子底下了,wǒ de bǐ diào dào zhuōzi dǐxiale,My pen fell under the table,HSK 4,26
她是我们学校最年轻的教授,Tā shì wǒmen xuéxiào zuì niánqīng de jiàoshòu,She is the youngest professor at our school,HSK 4,26
一个人在国外上学; 他经历了很多事情,Yīgè rén zài guówài shàngxué; tā jīnglìle hěnduō shìqíng,A person studying abroad is experiencing a lot,HSK 4,26
谁还没有领到材料; 请举手,shéi hái méiyǒu lǐng dào cáiliào; qǐng jǔ shǒu,Who hasn't received the material yet? Please raise your hand!,HSK 4,26
今天上课的内容太难了,jīntiān shàngkè de nèiróng tài nánle,The content of today's class was too difficult,HSK 4,26
请把这些数字从小到大排列,qǐng bǎ zhèxiē shùzì cóngxiǎo dào dà páiliè,Please put these numbers in order; starting with the smallest,HSK 4,26
那位教授想写一篇关于中国饮食的文章,nà wèi jiàoshòu xiǎng xiě yī piān guānyú zhōngguó yǐnshí de wénzhāng,This professor wants to write an article about Chinese cuisine,HSK 4,26
她想申请去美国读大学,Tā xiǎng shēnqǐng qù měiguó dú dàxué,She wants to apply to study in America,HSK 4,26
这可以使学生知道学习汉语多么有意思,zhè kěyǐ shǐ xuéshēng zhīdào xuéxí hànyǔ duōme yǒuyìsi,This can make students understand how interesting studying Mandarin can be,HSK 4,26
他获得了硕士学位,tā huòdéle shuòshì xuéwèi,He has finished his Master,HSK 4,26
新老师说话的速度太快了; 我什么也没听懂,xīn lǎoshī shuōhuà de sùdù tài kuàile; wǒ shénme yě méi tīng dǒng,The new teacher talks too quick; I can't understand anything,HSK 4,27
老师应该鼓励学生多提问题,lǎoshī yīnggāi gǔlì xuéshēng duō tí wèntí,The teacher should encourage the students to ask more questions,HSK 4,27
请你通知一下别的同学; 明天不上课,qǐng nǐ tōngzhī yīxià bié de tóngxué; míngtiān bù shàngkè,Please let the other students know that tomorrow's class will be cancelled,HSK 4,27
我的橡皮找不着了,wǒ de xiàngpí zhǎo bùzháole,I can't find my eraser,HSK 4,27
新学期开始了; 我打算好好学习,Xīn xuéqí kāishǐle; wǒ dǎsuàn hǎo hào xuéxí,The new term has started; I plan to study diligently,HSK 4,27
你回家好好研究一下这个字怎么用,Nǐ huí jiā hǎohǎo yánjiū yīxià zhège zì zěnme yòng,Go home and research how to use this word properly,HSK 4,27
请打开书第四页,qǐng dǎkāi shū dì sì yè,Please open the book on page 4,HSK 4,27
那个教授的课很有趣,nàgè jiàoshòu de kè hěn yǒuqù,This professor's classes are very special,HSK 4,27
明天老师要讲新课; 我准备今天晚上预习一下,míngtiān lǎoshī yào jiǎng xīn kè; wǒ zhǔnbèi jīntiān wǎnshàng yùxí yīxià,Tomorrow our teacher will start with a new lesson; I intend to preview that this evening,HSK 4,27
知识就是力量,Zhīshì jiùshì lìliàng,Knowledge is power,HSK 4,27
你的答案是正确的,nǐ de dá'àn shì zhèngquè de,Your answer is correct,HSK 4,27
他去过很多国家; 比如法国、意大利,tā qùguò hěnduō guójiā; bǐrú fàguó; yìdàlì,He has been to many countries; two examples are France and Italy,HSK 4,28
咱们定好下次见面的地点吧,zánmen dìnghǎo xià cì jiànmiàn dì dìdiǎn ba,Let's fix the place to meet next time,HSK 4,28
地球是我们大家的母亲; 我们要保护她,dìqiú shì wǒmen dàjiā de mǔqīn; wǒmen yào bǎohù tā,We have to protect mother earth,HSK 4,28
这是一场非常精彩的比赛,Zhè shì yī chǎng fēicháng jīngcǎi de bǐsài,This is a very exciting competition,HSK 4,28
她家住在郊区,tā jiāzhù zài jiāoqū,Her family lives in the suburbs,HSK 4,28
公司周日举办舞会; 你参加吗？,gōngsī zhōu rì jǔbàn wǔhuì; nǐ cānjiā ma?,The company is hosting a ball on Sunday; do you come?,HSK 4,28
昨天的演出很精彩; 可惜你没去,zuótiān de yǎnchū hěn jīngcǎi; kěxí nǐ méi qù,Yesterday's performance was amazing; what a pity you didn't go,HSK 4,28
我们班的同学来自世界各地,wǒmen bān de tóngxué láizì shìjiè gèdì,My classmates come from all over the world,HSK 4,28
这个停车场满了; 我们去别处看看吧,zhège tíngchē chǎng mǎnle; wǒmen qù biéchù kàn kàn ba,This parking lot is full; let's go and try somewhere else,HSK 4,28
中国有56个民族,Zhōngguó yǒu 56 gè mínzú,China has 56 minority groups,HSK 4,28
按照规定; 您的狗不可以带进这家酒店,ànzhào guīdìng; nín de gǒu bù kěyǐ dài jìn zhè jiā jiǔdiàn,According to our rules; your dog is not allowed into this hotel,HSK 4,28
办公室内不准吸烟,Bàngōngshì nèi bù zhǔn xīyān,It is not allowed to smoke in the office,HSK 4,29
这座桥叫什么名字？,Zhè zuò qiáo jiào shénme míngzì?,What's the name of that bridge?,HSK 4,29
向左走30米就是公园的入口了,xiàng zuǒ zǒu 30 mǐ jiùshì gōngyuán de rùkǒule,Walk 30 meters towards the left; then you will get to the entrance of the park,HSK 4,29
北京市是中国的首都,běijīng shì shì zhōngguó de shǒudū,Beijing is the capital of China,HSK 4,29
请问; 卫生间在哪儿？,Qǐngwèn; wèishēngjiān zài nǎ'er?,Excuse me; where is the bathroom?,HSK 4,29
亚洲最长的河流是长江,yàzhōu zuì zhǎng de héliú shì chángjiāng,Yangtse river is Asia's longest river,HSK 4,29
请问; 邮局周末休息吗？,qǐngwèn; yóujú zhōumò xiūxí ma?,Excuse me; is the post office open on the weekend?,HSK 4,29
来中国以前; 他不知道真正的中国是什么样子。,lái zhōngguó yǐqián; tā bù zhīdào zhēnzhèng de zhōngguó shì shénme yàngzi.,Before I came to China; I did not know what the real China was like.,HSK 4,29
北京是一座有名的城市,běijīng shì yīzuò yǒumíng de chéngshì,Beijing is a famous city,HSK 4,29
明天我要去西班牙大使馆申请签证,míngtiān wǒ yào qù xībānyá dàshǐ guǎn shēnqǐng qiānzhèng,Tomorrow I want to go to the Spanish embassy to apply for a visa,HSK 4,29
老虎生活在森林里,Lǎohǔ shēnghuó zài sēnlín lǐ,Tigers live in forests,HSK 4,29
家长要教育孩子做一个诚实的人,jiāzhǎng yào jiàoyù háizi zuò yīgè chéngshí de rén,Parents should raise their kids to become upright people,HSK 4,30
昨天我妹妹出生了,zuótiān wǒ mèimei chūshēngle,My sister was born yesterday,HSK 4,30
他弟弟和他差不多高,Tā dìdì hé tā chàbùduō gāo,His little brother and he himself are almost equally tall,HSK 4,30
对于我来说; 家庭是最重要的,duìyú wǒ lái shuō; jiātíng shì zuì zhòngyào de,For me; family comes first,HSK 4,30
6月1日是儿童节,6 yuè 1 rì shì értóng jié,The first of June is children's day,HSK 4,30
他的父亲只是一个普通的农民,tā de fùqīn zhǐshì yīgè pǔtōng de nóngmín,Your dad is just a normal farmer,HSK 4,30
我不敢回家告诉我爸爸妈妈,Wǒ bù gǎn huí jiā gàosù wǒ bàba māmā,I don't dare to go home and tell my father and mother,HSK 4,30
她和她爸爸的感情很好,tā hé tā bàba de gǎnqíng hěn hǎo,She gets along well with her dad,HSK 4,31
她有一个十分活泼的妹妹,tā yǒu yīgè shífēn huópō de mèimei,She has a very active little sister,HSK 4,31
很多父母不知道如何教育孩子,hěnduō fùmǔ bù zhīdào rúhé jiàoyù háizi,A lot of parents don't know how to educate their kids,HSK 4,31
妈妈对女儿说：“别总是照镜子; 快点儿学习”,māmā duì nǚ'ér shuō:“Bié zǒng shì zhào jìngzi; kuài diǎn er xuéxí”,Mum is telling her daughter: Don't always look at the mirror; concentrate on studying,HSK 4,31
他拉着儿子的手; 一起去公园玩,tā lā zhāo er zi de shǒu; yīqǐ qù gōngyuán wán,He took his son's hand and went to the park with him to play,HSK 4,31
黄河是中国的母亲河,huánghé shì zhōngguó de mǔqīn hé,The Yellow River is the Mother River of China,HSK 4,31
他有三个孙子; 两个孙女,tā yǒusān gè sūnzi; liǎng gè sūnnǚ,He has 3 grandsons and 2 granddaughters,HSK 4,31
在中国; 孩子结婚后和父母一起住是很正常的事。,Zài zhōngguó; hái zǐ jiéhūn hòu hé fùmǔ yīqǐ zhù shì hěn zhèngcháng de shì.,It is quite common for children to keep on living with their parents after they are married.,HSK 4,31
她的回答让老板感到很吃惊,tā de huídá ràng lǎobǎn gǎndào hěn chījīng,Her reply caught the boss by surprise,HSK 4,32
我太笨了,wǒ tài bènle,I'm simply too stupid,HSK 4,32
他是一个粗心的人; 总是丢东西,tā shì yīgè cūxīn de rén; zǒng shì diū dōngxī,He is a very careless person; he is always losing stuff,HSK 4,32
对不起; 我犯了一个错误,duìbùqǐ; wǒ fànle yīgè cuòwù,Sorry; I made a mistake,HSK 4,32
你别得意; 下次我一定会做得比你好,nǐ bié déyì; xià cì wǒ yīdìng huì zuò dé bǐ nǐ hǎo,Don't be too happy with yourself; next time I'll definitely be better than you,HSK 4,32
每个人都有自己的烦恼,Měi gèrén dōu yǒu zìjǐ de fánnǎo,Every person has their own problems,HSK 4,32
你敢不敢？,nǐ gǎn bù gǎn?,Are you brave enough?,HSK 4,32
那个演员的演出太精彩了了; 我感动得哭了,nàgè yǎnyuán de yǎnchū tài jīngcǎiliǎoliǎo; wǒ gǎndòng dé kūle,The actor’s performance was too good; I was so moved; I started crying,HSK 4,32
别害羞; 告诉大家你的想法,Bié hàixiū; gàosù dàjiā nǐ de xiǎngfǎ,Don't be shy; tell us your idea,HSK 4,32
我太激动了; 忘了自我介绍,wǒ tài jīdòngle; wàngle zìwǒ jièshào,I'm too excited; so I forgot to introduce myself,HSK 4,32
如何才能让生活过得精彩,rúhé cáinéng ràng shēnghuóguò dé jīngcǎi,How can you make your life wonderful,HSK 4,33
没想到; 她竟然是我们公司的老板,méi xiǎngdào; tā jìngrán shì wǒmen gōngsī de lǎobǎn,I didn't expect him to be the boss of our company,HSK 4,33
他生病了; 没有人照顾; 很可怜,tā shēngbìngle; méiyǒu rén zhàogù; hěn kělián,He is sick; but has nobody to take care of him; poor guy,HSK 4,33
明天我恐怕没有时间; 以后再说吧,Míngtiān wǒ kǒngpà méiyǒu shíjiān; yǐhòu zàishuō ba,I'm afraid I don't have time tomorrow; let's talk again afterwards,HSK 4,33
昨天晚上12点才睡; 现在真困,zuótiān wǎnshàng 12 diǎn cái shuì; xiànzài zhēn kùn,I fell asleep at 12 yesterday; today I'm really tired,HSK 4,33
越是在关键时刻; 越不能着急; 越应该冷静,yuè shì zài guānjiàn shíkè; yuè bùnéng zhāojí; yuè yīnggāi lěngjìng,The closer you get to the critical moment; the more you shouldn't rush but rather be calm,HSK 4,33
新来的老板脾气不太好; 经常发火,Xīn lái de lǎobǎn píqì bù tài hǎo; jīngcháng fāhuǒ,The new boss has bad temper; he/she often loses it,HSK 4,33
每个人都有自己的优点; 也有自己的缺点,Měi gèrén dōu yǒu zìjǐ de yōudiǎn; yěyǒu zìjǐ de quēdiǎn,Every person has his/her good and bad sides,HSK 4,33
他最喜欢深蓝色,tā zuì xǐhuān shēnlán sè,I like dark blue best,HSK 4,33
人的生命只有一次,rén de shēngmìng zhǐyǒu yīcì,You only live once,HSK 4,33
你最讨厌什么？,nǐ zuì tǎoyàn shénme?,What do you dislike the most?,HSK 4,34
他是一个很有同情心的人,Tā shì yīgè hěn yǒu tóngqíng xīn de rén,He is very compassionate,HSK 4,34
周末一个人在家; 很无聊,zhōumò yīgè rén zàijiā; hěn wúliáo,I'm alone at home this weekend; very boring,HSK 4,34
这道菜闻起来真香,Zhè dào cài wén qǐlái zhēnxiāng,This dish smells amazing,HSK 4,34
她最近心情不太好,tā zuìjìn xīnqíng bù tài hǎo,Her mood hasn't been great recently,HSK 4,34
比赛马上就要开始了; 观众们都很兴奋,bǐsài mǎshàng jiù yào kāishǐle; guānzhòngmen dōu hěn xīngfèn,The competition is about to start; the audience is very excited,HSK 4,34
她觉得自己的生活很幸福,tā juédé zìjǐ de shēnghuó hěn xìngfú,She thinks her life is quite satisfying,HSK 4,34
老板对他的第一印象很好,lǎobǎn duì tā de dì yī yìnxiàng hěn hǎo,Her first impression on the boss was good,HSK 4,34
他是一个幽默的人,Tā shì yīgè yōumò de rén,He has great humour,HSK 4,34
她外表看起来很自然; 但是心里十分紧张,tā wàibiǎo kàn qǐlái hěn zìrán; dànshì xīnlǐ shífēn jǐnzhāng,She's looking calm on the outside; but inside she's very nervous,HSK 4,34
她总是缺乏自信,tā zǒng shì quēfá zìxìn,She's always lacking self-confidence,HSK 4,34
我当时不知道他的女朋友也学习汉语,wǒ dāngshí bù zhīdào tā de nǚ péngyǒu yě xuéxí hànyǔ,I didn't know at that time that his girlfriend also studies Mandarin,HSK 4,35
我估计明天7点左右能到,wǒ gūjì míngtiān 7 diǎn zuǒyòu néng dào,I'll probably be there tomorrow around 7,HSK 4,35
你要把这份文件及时送到公司,nǐ yào bǎ zhè fèn wénjiàn jíshí sòng dào gōngsī,You need to deliver this document to the company on time,HSK 4,35
电影八点开始; 现在7点四十; 我怕来不及了,diànyǐng bā diǎn kāishǐ; xiànzài 7 diǎn sìshí; wǒ pà láibujíle,The film starts at 8; now it's 7:40; I'm afraid that's not enough time,HSK 4,35
别着急; 时间来得及,bié zhāojí; shíjiān láidéjí,Relax; there's plenty of time left,HSK 4,35
你不要浪费时间,nǐ bùyào làngfèi shíjiān,Don't waste time,HSK 4,35
他每个礼拜天都会去爬山,tā měi gè lǐbài tiān dūhuì qù páshān,Every Sunday he is going hiking,HSK 4,35
这次考试的结果不太理想,zhè cì kǎoshì de jiéguǒ bù tài lǐxiǎng,The test result isn't ideal this time,HSK 4,35
他不喜欢中国菜; 但是偶尔会陪女朋友一起去吃,tā bù xǐhuān zhōngguó cài; dànshì ǒu'ěr huì péi nǚ péngyǒu yīqǐ qù chī,He doesn't like Chinese food; but sometimes he accompanies his girlfriend to a Chinese dinner,HSK 4,35
已经八点了; 平时这个时间; 他早下班了,yǐjīng bā diǎnle; píngshí zhège shíjiān; tā zǎo xiàbānle,It's already 8; normally he has left work already at that time,HSK 4,35
他找女朋友; 首先看长相; 其次看工作,Tā zhǎo nǚ péngyǒu; shǒuxiān kàn zhǎngxiàng; qícì kàn gōngzuò,When looking for a girlfriend looks are a priority for him; next comes the job of the potential partner,HSK 4,35
明天8点开会; 你千万别忘了,míngtiān 8 diǎn kāihuì; nǐ qiān wàn bié wàngle,Don't forget the meeting at 8 tomorrow,HSK 4,36
快要春节了; 到处都很热闹,kuàiyào chūnjiéle; dàochù dōu hěn rènào,Spring festival is coming; it's getting busy everywhere,HSK 4,36
二十一世纪是科技的世纪,èrshíyī shìjì shì kējì de shìjì,The 21st century is the century of technology,HSK 4,36
二十年后; 他回到了老家; 一切还是他熟悉的样子,èrshí nián hòu; tā huí dàole lǎojiā; yīqiè háishì tā shúxī de yàngzi,After 20 years he returned home; everything was still the same,HSK 4,36
今天他不在; 你明天再来一趟吧,jīntiān tā bùzài; nǐ míngtiān zàilái yī tàng ba,He is not here today; come back tomorrow,HSK 4,36
明天的会议很重要; 你应该提前到,míngtiān de huìyì hěn zhòngyào; nǐ yīnggāi tíqián dào,The meeting tomorrow is very important. You should be there early,HSK 4,36
明天的会议推迟到后天,míngtiān de huìyì tuīchí dào hòutiān,Tomorrow's meeting was postponed to the day after tomorrow,HSK 4,36
永远到底有多远,yǒngyuǎn dàodǐ yǒu duō yuǎn,Does forever really mean forever?,HSK 4,36
他暂时还不想回国,tā zhànshí hái bùxiǎng huíguó,He doesn't want to return home for the time being,HSK 4,36
你来得正好; 我正要去找你,Nǐ láidé zhènghǎo; wǒ zhèng yào qù zhǎo nǐ,You are coming at exactly the right time; I was just going to look for you.,HSK 4,36
我们五点左右在学校见面吧,Wǒmen wǔ diǎn zuǒyòu zài xuéxiào jiànmiàn ba,Let's meet at around 5 at the school,HSK 4,36
关于这件事; 我只知道一部分情况,guānyú zhè jiàn shì; wǒ zhǐ zhīdào yībùfèn qíngkuàng,Concerning that I only know part of the story,HSK 4,37
这本小说太好看了; 我想再重新看一遍,zhè běn xiǎoshuō tài hǎokànle; wǒ xiǎng zài chóngxīn kàn yībiàn,This novel is just too good; I want to read it again,HSK 4,37
你听过京剧吗？,nǐ tīngguò jīngjù ma?,Have you seen Beijing Opera before?,HSK 4,37
晚安; 好梦,Wǎn'ān; hǎo mèng,Good night; nice dreams,HSK 4,37
现在的人们没有时间写日记了,xiànzài de rénmen méiyǒu shíjiān xiě rìjìle,Today's people have no time to write diary,HSK 4,37
演出结束之后; 她受到了大家的关注,yǎnchū jiéshù zhīhòu; tā shòudàole dàjiā de guānzhù,After the show she received everybody's praise,HSK 4,37
你喜欢看什么小说？,nǐ xǐhuān kàn shénme xiǎoshuō?,What novel do you like?,HSK 4,37
你从哪儿知道的这个消息？,Nǐ cóng nǎ'er zhīdào de zhège xiāoxī?,Where did you get that information from?,HSK 4,37
这条新闻引起了大家的关注,zhè tiáo xīnwén yǐnqǐle dàjiā de guānzhù,Everybody paid attention to this news story,HSK 4,38
他对中国文化尤其感兴趣,tā duì zhōngguó wénhuà yóuqí gǎn xìngqù,He's particularly interested in Chinese culture,HSK 4,38
她经常阅读一些关于中国历史的书,Tā jīngcháng yuèdú yīxiē guānyú zhōngguó lìshǐ de shū,She's often reading books about Chinese history,HSK 4,38
请问; 这本杂志多少钱？,qǐngwèn; zhè běn zázhì duōshǎo qián?,Excuse me; how much is this magazine?,HSK 4,38
我看了至少100本中国小说,wǒ kànle zhìshǎo 100 běn zhōngguó xiǎoshuō,I've read at least 100 Chinese novels,HSK 4,38
祝贺你; 这次演出非常成功,zhùhè nǐ; zhè cì yǎnchū fēicháng chénggōng,Congratulation; the show was a huge success,HSK 4,38
这位作家很有名,zhè wèi zuòjiā hěn yǒumíng,This author is really famous,HSK 4,38
他就是那部小说的作者,tā jiùshì nà bù xiǎoshuō de zuòzhě,He is the author of that novel,HSK 4,38
很多人并不了解法律,hěnduō rén bìng bù liǎojiě fǎlǜ,A lot of people simply don't understand the law,HSK 4,39
我也不知道这件事的过程,Wǒ yě bù zhīdào zhè jiàn shì de guòchéng,I'm not familiar with the details about that either,HSK 4,39
他不想改变国籍,tā bùxiǎng gǎibiàn guójí,He doesn't want to change his citizenship,HSK 4,39
你得和我解释一下,Nǐ dé hé wǒ jiěshì yīxià,You have to explain that to me,HSK 4,39
我相信你的判断,wǒ xiāngxìn nǐ de pànduàn,I trust your judgement,HSK 4,39
法律不允许你这样做,fǎlǜ bù yǔnxǔ nǐ zhèyàng zuò,Doing this is against the law,HSK 4,39
我想租一辆自行车,wǒ xiǎng zū yī liàng zìxíngchē,I want to rent a bike,HSK 4,39
做事情要有方法,zuò shìqíng yào yǒu fāngfǎ,You need to have an approach to tackle a problem successfully,HSK 4,40
关于这方面的问题; 请您联系我们公司的经理,guānyú zhè fāngmiàn de wèntí; qǐng nín liánxì wǒmen gōngsī de jīnglǐ,Concerning that problem; please contact our company's manager,HSK 4,40
你的方法太复杂; 还是听我的吧,nǐ de fāngfǎ tài fùzá; háishì tīng wǒ de ba,Your way is too complicated; let's do it my way,HSK 4,40
他笑得有点奇怪; 我怀疑他在做一些我们不知道的事,tā xiào dé yǒudiǎn qíguài; wǒ huáiyí tā zài zuò yīxiē wǒmen bù zhīdào de shì,His smile was kind of strange; I suspect he is doing something that we don't know,HSK 4,40
不管遇到多大的困难; 我都会坚持下去,bùguǎn yù dào duōdà de kùnnán; wǒ dūhuì jiānchí xiàqù,Regardless of the difficulties; I will definitely stay strong and move forward,HSK 4,40
这个问题刚才出现过了,zhège wèntí gāngcái chūxiànguòle,This problem has just emerged,HSK 4,40
这个是技术问题,Zhège shì jìshù wèntí,That's a skill/technology problem,HSK 4,41
结果和过程哪个重要？,jiéguǒ hé guòchéng nǎge zhòngyào?,Process or result; what's more important?,HSK 4,41
写汉字对我来说很困难,xiě hànzì duì wǒ lái shuō hěn kùnnán,Writing characters is quite tricky for me,HSK 4,41
你的房间太乱了,nǐ de fángjiān tài luànle,Your room is very untidy,HSK 4,41
你有任何问题; 都可以给我打电话,nǐ yǒu rènhé wèntí; dōu kěyǐ gěi wǒ dǎ diànhuà,If you have any questions; please give me a call,HSK 4,41
虽然这个问题解决了; 但是公司仍然有很多问题没有解决,suīrán zhège wèntí jiějuéle; dànshì gōngsī réngrán yǒu hěnduō wèntí méiyǒu jiějué,Even though this very problem has been solved; there are still a lot of other problems left to solve in the company,HSK 4,41
许多年后; 他才知道事情的真相。,xǔduō nián hòu; tā cái zhīdào shìqíng de zhēnxiàng.,It was only many years later that he discovered the truth.,HSK 4,41
他负责这件事情; 你打电话给他吧,tā fùzé zhè jiàn shìqíng; nǐ dǎ diànhuà gěi tā ba,He is responsible for this; you should call him,HSK 4,42
火对于人们十分重要,huǒ duìyú rénmen shí fèn zhòngyào,Fire is immensely important for mankind,HSK 4,42
要想了解这方面的情况; 我们必须做一些基础研究,yào xiǎng liǎojiě zhè fāngmiàn de qíngkuàng; wǒmen bìxū zuò yīxiē jīchǔ yánjiū,To understand this particular matter; we have to gain some basic knowledge first,HSK 4,42
这不过是你的想象而已,zhè bùguò shì nǐ de xiǎngxiàng éryǐ,But that's only your wish,HSK 4,42
在加油站不能吸烟,zài jiāyóu zhàn bùnéng xīyān,You're not allowed to smoke at the petrol station,HSK 4,42
她喝了杯咖啡接着工作了,tā hēle bēi kāfēi jiēzhe gōngzuòle,After having a cup of coffee she continues her work,HSK 4,42
我的妹妹是一个非常懂礼貌的好孩子。,Wǒ de mèimei shì yīgè fēicháng dǒng lǐmào de hǎo háizi.,My little sister is a very polite little kid,HSK 4,42
他是一个十分马虎的人,tā shì yīgè shífēn mǎhǔ de rén,He is a very negligent person,HSK 4,42
照顾小孩子需要很有耐心,zhàogù xiǎo háizi xūyào hěn yǒu nàixīn,Taking care of the kids requires a lot of patience,HSK 4,42
你不要骗我; 事情的真相我都知道,nǐ bùyào piàn wǒ; shìqíng de zhēnxiàng wǒ dū zhīdào,Don't fool me; I know the truth,HSK 4,42
剩下的工作; 交给我吧,shèng xià de gōngzuò; jiāo gěi wǒ ba,The remaining work you can leave for me,HSK 4,42
这件事说明他不是一个诚实的人,zhè jiàn shì shuōmíng tā bùshì yīgè chéngshí de rén,This case shows you that he isn't a trustworthy person,HSK 4,43
对不起; 我刚才的态度不太好,Duìbùqǐ; wǒ gāngcái de tàidù bù tài hǎo,I'm sorry; my attitude just now wasn't ok,HSK 4,43
请问; 进房间需要脱鞋吗,qǐngwèn; jìn fángjiān xūyào tuō xié ma,May I ask; do I need to take my shoes off before I enter the room?,HSK 4,43
我别无选择; 只有继续前进,Wǒ bié wú xuǎnzé; zhǐyǒu jìxù qiánjìn,I have no other choice but keep going on,HSK 4,43
你来了呀; 我正想去找你,Nǐ láile ya; wǒ zhèng xiǎng qù zhǎo nǐ,Great that you are here; I was just going to look for you,HSK 4,43
家长应该鼓励孩子做一个勇敢的人,jiāzhǎng yīnggāi gǔlì háizi zuò yīgè yǒnggǎn de rén,Parents should encourage their kids to become daring people,HSK 4,43
不要难过; 我支持你,bùyào nánguò; wǒ zhīchí nǐ,Don't worry; I will support you,HSK 4,43
这件事我不知道; 你直接问她吧,zhè jiàn shì wǒ bù zhīdào; nǐ zhíjiē wèn tā ba,I don't know about that; it's best you ask her directly,HSK 4,43
她是老板最重视的员工,Tā shì lǎobǎn zuì zhòngshì de yuángōng,Of all employees the boss values her the most,HSK 4,43
要学会尊重别人,yào xuéhuì zūnzhòng biérén,One should learn to respect others,HSK 4,43
工作能力很重要,gōngzuò nénglì hěn zhòngyào,Job skills are very important,HSK 4,43
今天刮台风; 很危险; 你不要出去,Jīntiān guā táifēng; hěn wéixiǎn; nǐ bùyào chūqù,There's a typhoon today; very dangerous; don't go out,HSK 4,43
看足球比赛是我们共同的爱好。,Kàn zúqiú bǐsài shì wǒmen gòngtóng de àihào.,Watching football is our shared hobby,HSK 4,44
我们一共三个人; 买三瓶水就够了; 别多买。,Wǒmen yīgòng sān gèrén; mǎi sānpíng shuǐ jiù gòule; bié duō mǎi.,We're 3 people; buying 3 bottles of water is enough; no need to buy more,HSK 4,44
表演十分精彩; 观众们都站起来为演员们鼓掌,biǎoyǎn shífēn jīngcǎi; guānzhòngmen dōu zhàn qǐlái wèi yǎnyuánmen gǔzhǎng,The show was amazing and the crowd is on their feet applauding the actors,HSK 4,44
好朋友应该互相帮助,hǎo péngyǒu yīnggāi hùxiāng bāngzhù,Good friends should help each other,HSK 4,44
小时候和朋友一起玩的日子; 是最美好的回忆,xiǎoshíhòu hé péngyǒu yīqǐ wán de rìzi; shì zuì měihǎo de huíyì,Thinking back to the days when I was small and was playing with the other kids; that's the nicest memory of all,HSK 4,44
这是一段让人不愉快的对话,Zhè shì yīduàn ràng rén bùyúkuài de duìhuà,This dialog makes people sad,HSK 4,44
欢迎大家多提建议,huānyíng dàjiā duō tí jiànyì,We invite everybody to bring forward their ideas,HSK 4,44
他喜欢交朋友,tā xǐhuān jiāo péngyǒu,He likes making new friends,HSK 4,44
不要害怕竞争; 要在竞争中不断成长,Bùyào hàipà jìngzhēng; yào zài jìngzhēng zhōng bùduàn chéngzhǎng,Don't fear the competition; use the competition to grow,HSK 4,44
现在不是开玩笑的时候！,xiànzài bùshì kāiwánxiào de shíhòu!,Now is not the right time for joking!,HSK 4,45
昨天的聚会很开心; 大家喝了很多酒,Zuótiān de jùhuì hěn kāixīn; dàjiā hēle hěnduō jiǔ,The party yesterday was great; everybody had quite a lot of alcohol,HSK 4,45
我们俩是从小的好朋友,wǒmen liǎ shì cóngxiǎo de hǎo péngyǒu,We've been friends since we were little,HSK 4,45
她有很多朋友; 然而内心却很孤单,tā yǒu hěnduō péngyǒu; rán'ér nèixīn què hěn gūdān,Even though she has a lot of friends; she feels lonely inside,HSK 4,45
社会上有很多不文明行为,shèhuì shàng yǒu hěnduō bù wénmíng xíngwéi,The society is full of uncivilized behaviour,HSK 4,45
我实在很喜欢这部电影。,wǒ shízài hěn xǐhuān zhè bù diànyǐng.,I really like this film,HSK 4,45
首先应该学会做人; 然后才是学做事,shǒuxiān yīnggāi xuéhuì zuòrén; ránhòu cái shì xué zuòshì,First you have to learn to deal with people; after that you can learn how to handle things as such,HSK 4,45
祝你一切顺利,Zhù nǐ yīqiè shùnlì,I wish you the best,HSK 4,45
我们没有最好的条件; 但是我们有最好的人,wǒmen méiyǒu zuì hǎo de tiáojiàn; dànshì wǒmen yǒu zuì hǎo de rén,We don't have the best conditions; but we have the best people,HSK 4,45
不要总是羡慕别人的生活,bùyào zǒng shì xiànmù biérén de shēnghuó,Don't constantly envy other people's life,HSK 4,46
他经常给大家讲笑话,tā jīngcháng gěi dàjiā jiǎng xiàohuà,He likes telling jokes,HSK 4,46
他是个非常帅气的小伙子,tā shìgè fēicháng shuàiqì de xiǎohuǒzi,He is a very handsome boy,HSK 4,46
我能邀请你跳一支舞吗,wǒ néng yāoqǐng nǐ tiào yī zhī wǔ ma,Can I ask you for a dance?,HSK 4,46
要学会看到别人的优点; 而不是缺点,yào xuéhuì kàn dào biérén de yōudiǎn; ér bùshì quēdiǎn,You should learn to cherish other people’s positive sides and not concentrate on the negative ones,HSK 4,46
他是一个十分友好的人,tā shì yīgè shífēn yǒuhǎo de rén,He is a very friendly person,HSK 4,46
真正的友谊永远不会变,Zhēnzhèng de yǒuyì yǒngyuǎn bù huì biàn,Real friendship will last forever,HSK 4,46
我们公司一直与那家公司保持着合作,wǒmen gōngsī yīzhí yǔ nà jiā gōngsī bǎochízhe hézuò,Our company has been working together with that company for a long time,HSK 4,46
他是民族之骄傲,tā shì mínzú zhī jiāo'ào,He is the pride of his people,HSK 4,46
明天我想去逛街,míngtiān wǒ xiǎng qù guàngjiē,I want to go shopping tomorrow,HSK 4,47
你知道这个盒子里是什么吗？,nǐ zhīdào zhège hézi lǐ shì shénme ma?,Do you know what's in this box?,HSK 4,47
她买了一些假花放在房间,tā mǎile yīxiē jiǎ huā fàng zài fángjiān,She bought some fake flowers to put in the room,HSK 4,47
随着科技的发展; 这种商品在市场上逐渐减少了,Suízhe kējì de fǎ zhǎn; zhè zhǒng shāngpǐn zài shìchǎng shàng zhújiàn jiǎnshǎole,Due to recent innovations; this kind of product is slowly phased out,HSK 4,47
她买了三节电池,tā mǎile sānjié diànchí,She bought 3 batteries,HSK 4,47
这是我送给你的小礼物; 请你接受,zhè shì wǒ sòng gěi nǐ de xiǎo lǐwù; qǐng nǐ jiēshòu,I want to give you this small gift; I hope that is fine with you,HSK 4,47
我想去超市买一条毛巾,wǒ xiǎng qù chāoshì mǎi yītiáo máojīn,I want to go to the shop to buy a towel,HSK 4,47
请大家自觉排队,qǐng dàjiā zìjué páiduì,Please queue properly,HSK 4,47
这件衣服稍微有点大,zhè jiàn yīfú shāowéi yǒudiǎn dà,This piece of cloth is a little bit too big,HSK 4,48
你能顺便帮我买瓶可乐吗？,nǐ néng shùnbiàn bāng wǒ mǎi píng kělè ma?,As you're on the way; can you help me buy a bottle of Coke?,HSK 4,48
这双鞋很轻; 很舒服,zhè shuāng xié hěn qīng; hěn shūfú,This pair of shoes is very light; very comfortable,HSK 4,48
他想送给妈妈一台洗衣机,tā xiǎng sòng gěi māmā yī tái xǐyījī,He wants to buy his mum a washing machine,HSK 4,48
这种手机的特点是外观漂亮,Zhè zhǒng shǒujī de tèdiǎn shì wàiguān piàoliang,This phone is special because it is beautiful,HSK 4,48
这个手机是由我们公司制造的,zhège shǒujī shì yóu wǒmen gōngsī zhìzào de,This mobile phone is a product of our company,HSK 4,48
我喜欢这本书; 花多少钱买都值得,wǒ xǐhuān zhè běn shū; huā duōshǎo qián mǎi dōu zhídé,I like this book; I'd pay any amount to buy it; it's definitely worth it,HSK 4,48
别人对你的看法不重要; 重要的是你自己想要什么,biérén duì nǐ de kànfǎ bù chóng yào; zhòngyào de shì nǐ zìjǐ xiǎng yào shénme,It doesn't matter what other people think about you. What really matters is what you want,HSK 4,49
关于和他结婚的问题; 她想再仔细考虑一下。,guānyú hé tā jiéhūn de wèntí; tā xiǎng zài zǐxì kǎolǜ yīxià.,Concerning marrying him; she wants to think through things properly.,HSK 4,49
她的想法很奇怪; 很难理解。,Tā de xiǎngfǎ hěn qíguài; hěn nán lǐjiě.,Her thought is very weird and difficult to get,HSK 4,49
你要是不会修; 就别弄了,nǐ yàoshi bù huì xiū; jiù bié nòngle,If you don't know how to repair it; don't touch it,HSK 4,49
这种做法在中国很普遍,Zhè zhǒng zuòfǎ zài zhōngguó hěn pǔbiàn,This practice is very common in China,HSK 4,49
我也不知道具体情况; 你还是给他打电话问问吧,wǒ yě bù zhīdào jùtǐ qíngkuàng; nǐ háishì gěi tā dǎ diànhuà wèn wèn ba,I don't know the details either; still best if you give him a call and ask,HSK 4,49
我不知道怎么区别红茶和绿茶; 你能教教我吗？,wǒ bù zhīdào zěnme qūbié hóngchá hé lǜchá; nǐ néng jiào jiào wǒ ma?,I don't know how to distinguish black and green tea; can you teach me?,HSK 4,49
这些工作全部由他一个人完成,Zhèxiē gōngzuò quánbù yóu tā yīgè rén wánchéng,All those things have been finished by him,HSK 4,49
这个问题太简单了; 甚至小孩子都知道,zhège wèntí tài jiǎndānle; shènzhì xiǎo háizi dōu zhīdào,This question is too easy; even small kids know that,HSK 4,50
失败是成功之母,shībài shì chénggōng zhī mǔ,Failure is the mother of success,HSK 4,50
你想得容易; 实际有很多困难,nǐ xiǎng dé róngyì; shíjì yǒu hěnduō kùnnán,It sounds simple; but in reality it's quite difficult,HSK 4,50
你要尽快学会使用它,nǐ yào jǐnkuài xuéhuì shǐyòng tā,You have to hurry learning how to use it,HSK 4,50
他每周日收拾房间,tā měi zhōu rì shōushí fángjiān,Every Sunday he's tidying up his room,HSK 4,50
酒店提供免费洗衣服务,jiǔdiàn tígōng miǎnfèi xǐyī fúwù,The hotel provides a free service for washing clothes,HSK 4,50
学好外语是一件挺难的事。,xuéhǎo wàiyǔ shì yī jiàn tǐng nán de shì.,To really learn a foreign language is quite a tricky task.,HSK 4,50
你的答案跟我完全不同,nǐ de dá'àn gēn wǒ wánquán bùtóng,Your answer is very different from mine,HSK 4,50
他的做法正好和我相反,tā de zuòfǎ zhènghǎo hé wǒ xiāngfǎn,His method is the exact opposite to mine,HSK 4,50
他的想法完全相同,tā de xiǎngfǎ wánquán xiāngtóng,He is thinking the same,HSK 4,51
请你再说得详细一点儿,qǐng nǐ zàishuō dé xiángxì yīdiǎn er,Please repeat again with some more details,HSK 4,51
效果并不理想,Xiàoguǒ bìng bù lǐxiǎng,The result wasn't ideal,HSK 4,51
人们可以通过改进科技以得到更方便的生活,Rénmen kěyǐ tōngguò gǎijìn kējì yǐ dédào gèng fāngbiàn de shēnghuó,People are able to invent new technology to improve life as a whole,HSK 4,51
你知道你失败的原因是什么吗？,nǐ zhīdào nǐ shībài de yuányīn shì shénme ma?,Do you know why you failed?,HSK 4,51
这次考试的重点都记住了吗？,zhè cì kǎoshì de zhòngdiǎn dōu jì zhùle ma?,Are the main points for the next test clear?,HSK 4,51
这个主意不错,Zhège zhǔyì bùcuò,This is a great idea,HSK 4,51
你最好先给他打个电话,nǐ zuì hǎo xiān gěi tā dǎ gè diànhuà,It's best if you give him a call first,HSK 4,51
你的计划是什么,nǐ de jìhuà shì shénme,What's your plan?,HSK 4,51
她逐渐地适应了这里湿润的气候,tā zhújiàn de shìyìngle zhèlǐ shīrùn de qìhòu,She slowly got used to the humid climate here,HSK 4,52
北京的夏天太热了; 真让人受不了,Běijīng de xiàtiān tài rèle; zhēn ràng rén shòu bùliǎo,Summer in Beijing is so hot; it's hard to bear,HSK 4,52
无论刮风下雨; 他总是准时到公司上班,wúlùn guā fēng xià yǔ; tā zǒng shì zhǔnshí dào gōngsī shàngbān,Regardless of the weather he always arrives at work on time,HSK 4,52
今天的阳光真好; 我们去海边吧,jīntiān de yángguāng zhēn hǎo; wǒmen qù hǎibiān ba,It's really sunny today; let's go to the beach!,HSK 4,52
他喜欢收集各种树的叶子,tā xǐhuān shōují gè zhǒng shù de yèzi,He likes collecting leaves of all sorts of trees,HSK 4,52
今天云很多; 晚上可能会下雨,jīntiān yún hěnduō; wǎnshàng kěnéng huì xià yǔ,Today there are lots of clouds; maybe it will be raining in the evening,HSK 4,52
明天很冷; 你出门时穿点厚衣服,Míngtiān hěn lěng; nǐ chūmén shí chuān diǎn hòu yīfú,It's going to be cold tomorrow; wear some proper clothes when you go out,HSK 4,52
我想报名参加保护森林活动,wǒ xiǎng bàomíng cānjiā bǎohù sēnlín huódòng,I want to sign up for the activities to protect the forest,HSK 4,53
这里的景色真美啊,Zhèlǐ de jǐngsè zhēnměi a,The scenery here is just stunning,HSK 4,53
他喜欢在家里养些绿色植物,tā xǐhuān zài jiālǐ yǎng xiē lǜsè zhíwù,He likes to grow some green plants at home,HSK 4,53
请节约用水用电,qǐng jiéyuē yòngshuǐ yòng diàn,Please save water and electricity,HSK 4,53
城市的空气污染很严重,chéngshì de kōngqì wūrǎn hěn yánzhòng,The smog in the city is horrible,HSK 4,53
我们要保护环境; 少用塑料袋,wǒmen yào bǎohù huánjìng; shǎo yòng sùliào dài,We should protect the environment and use less plastic bags,HSK 4,53
全球气候正在变暖,quánqiú qìhòu zhèngzài biàn nuǎn,The world climate is getting warmer,HSK 4,53
大城市的污染都很严重,dà chéngshì de wūrǎn dōu hěn yánzhòng,The pollution in big cities is quite serious,HSK 4,53
我想今天去长城; 可是下雨了,wǒ xiǎng jīntiān qù chángchéng; kěshì xià yǔle,I actually wanted to go to the Great Wall today; but it's raining,HSK 4,54
我也许下个星期去上海,wǒ yěxǔ xià gè xīngqí qù shànghǎi,I might go to Shanghai next week,HSK 4,54
人们往往因伤心而流泪,rénmen wǎngwǎng yīn shāngxīn ér liúlèi,People often cry because they feel hurt,HSK 4,54
他不知道自己是否应该辞职,tā bù zhīdào zìjǐ shìfǒu yīnggāi cízhí,He doesn't know if he should resign,HSK 4,54
即使明天不下雨; 我也不去长城,jíshǐ míngtiān bùxià yǔ; wǒ yě bù qù chángchéng,Even if it isn't raining tomorrow; I'm still not going to the Great Wall,HSK 4,54
她长得好像一个电影明星,Tā zhǎng dé hǎoxiàng yīgè diànyǐng míngxīng,She looks like a famous actress,HSK 4,54
他腿受伤了; 因此不能参加足球比赛了,tā tuǐ shòushāngle; yīncǐ bùnéng cānjiā zúqiú bǐsàile,My foot is injured; therefore I can't join the football match,HSK 4,55
只要明天不下雨; 我们就去长城,zhǐyào míngtiān bùxià yǔ; wǒmen jiù qù chángchéng,As long as it doesn't rain we'll be going to the Great Wall tomorrow,HSK 4,55
他难道没告诉你今天考试吗？,tā nándào méi gàosù nǐ jīntiān kǎoshì ma?,Do not tell me nobody has told you that we have a test today.,HSK 4,55
这首歌不仅年轻人喜欢; 年龄大的人也很喜欢,zhè shǒu gē bùjǐn niánqīng rén xǐhuān; niánlíng dà de rén yě hěn xǐhuān,This song is not only popular with young people; but also with older ones,HSK 4,55
减肥必须坚持; 否则不会成功,jiǎnféi bìxū jiānchí; fǒuzé bù huì chénggōng,Losing weight is a long-term task; otherwise there is no chance to succeed.,HSK 4,55
要是你有时间; 也来参加我们的周末聚会吧,yàoshi nǐ yǒu shíjiān; yě lái cānjiā wǒmen de zhōumò jùhuì ba,If you have time; come and attend our weekend gathering,HSK 4,55